id,first_name,last_name,email,password,role
1,Admin,Adminov,admin@bank.com,$2a$12$nwe/4icPG6HArt6otusAw.5dpORz3Hdc.incLzoGhEBFaSYWMYRUq,ADMIN
2,User,One,user1@bank.com,$2a$12$OQODQoM1s4x8LN8ao4TITOklUpYgcSSRCF1DZlx5OylISeUVzOApy,USER
3,User,Two,user2@bank.com,$2a$12$OQODQoM1s4x8LN8ao4TITOklUpYgcSSRCF1DZlx5OylISeUVzOApy,USER
4,User,Three,user3@bank.com,$2a$12$OQODQoM1s4x8LN8ao4TITOklUpYgcSSRCF1DZlx5OylISeUVzOApy,USER
5,User,Four,user4@bank.com,$2a$12$OQODQoM1s4x8LN8ao4TITOklUpYgcSSRCF1DZlx5OylISeUVzOApy,USER
6,User,Five,user5@bank.com,$2a$12$OQODQoM1s4x8LN8ao4TITOklUpYgcSSRCF1DZlx5OylISeUVzOApy,USER
7,User,Six,user6@bank.com,$2a$12$OQODQoM1s4x8LN8ao4TITOklUpYgcSSRCF1DZlx5OylISeUVzOApy,USER
8,User,Seven,user7@bank.com,$2a$12$OQODQoM1s4x8LN8ao4TITOklUpYgcSSRCF1DZlx5OylISeUVzOApy,USER
9,User,Eight,user8@bank.com,$2a$12$OQODQoM1s4x8LN8ao4TITOklUpYgcSSRCF1DZlx5OylISeUVzOApy,USER
10,User,Nine,user9@bank.com,$2a$12$OQODQoM1s4x8LN8ao4TITOklUpYgcSSRCF1DZlx5OylISeUVzOApy,USER
11,User,Ten,user10@bank.com,$2a$12$OQODQoM1s4x8LN8ao4TITOklUpYgcSSRCF1DZlx5OylISeUVzOApy,USER
12,User,Eleven,user11@bank.com,$2a$12$OQODQoM1s4x8LN8ao4TITOklUpYgcSSRCF1DZlx5OylISeUVzOApy,USER
13,User,Twelve,user12@bank.com,$2a$12$OQODQoM1s4x8LN8ao4TITOklUpYgcSSRCF1DZlx5OylISeUVzOApy,USER
14,User,Thirteen,user13@bank.com,$2a$12$OQODQoM1s4x8LN8ao4TITOklUpYgcSSRCF1DZlx5OylISeUVzOApy,USER
15,User,Fourteen,user14@bank.com,$2a$12$OQODQoM1s4x8LN8ao4TITOklUpYgcSSRCF1DZlx5OylISeUVzOApy,USER
16,User,Fifteen,user15@bank.com,$2a$12$OQODQoM1s4x8LN8ao4TITOklUpYgcSSRCF1DZlx5OylISeUVzOApy,USER
17,User,Sixteen,user16@bank.com,$2a$12$OQODQoM1s4x8LN8ao4TITOklUpYgcSSRCF1DZlx5OylISeUVzOApy,USER
18,User,Seventeen,user17@bank.com,$2a$12$OQODQoM1s4x8LN8ao4TITOklUpYgcSSRCF1DZlx5OylISeUVzOApy,USER
19,User,Eighteen,user18@bank.com,$2a$12$OQODQoM1s4x8LN8ao4TITOklUpYgcSSRCF1DZlx5OylISeUVzOApy,USER
20,User,Nineteen,user19@bank.com,$2a$12$OQODQoM1s4x8LN8ao4TITOklUpYgcSSRCF1DZlx5OylISeUVzOApy,USER
21,User,Twenty,user20@bank.com,$2a$12$OQODQoM1s4x8LN8ao4TITOklUpYgcSSRCF1DZlx5OylISeUVzOApy,USER
22,User,TwentyOne,user21@bank.com,$2a$12$OQODQoM1s4x8LN8ao4TITOklUpYgcSSRCF1DZlx5OylISeUVzOApy,USER
23,User,TwentyTwo,user22@bank.com,$2a$12$OQODQoM1s4x8LN8ao4TITOklUpYgcSSRCF1DZlx5OylISeUVzOApy,USER
24,User,TwentyThree,user23@bank.com,$2a$12$OQODQoM1s4x8LN8ao4TITOklUpYgcSSRCF1DZlx5OylISeUVzOApy,USER
25,User,TwentyFour,user24@bank.com,$2a$12$OQODQoM1s4x8LN8ao4TITOklUpYgcSSRCF1DZlx5OylISeUVzOApy,USER
26,User,TwentyFive,user25@bank.com,$2a$12$OQODQoM1s4x8LN8ao4TITOklUpYgcSSRCF1DZlx5OylISeUVzOApy,USER
27,User,TwentySix,user26@bank.com,$2a$12$OQODQoM1s4x8LN8ao4TITOklUpYgcSSRCF1DZlx5OylISeUVzOApy,USER
28,User,TwentySeven,user27@bank.com,$2a$12$OQODQoM1s4x8LN8ao4TITOklUpYgcSSRCF1DZlx5OylISeUVzOApy,USER
29,User,TwentyEight,user28@bank.com,$2a$12$OQODQoM1s4x8LN8ao4TITOklUpYgcSSRCF1DZlx5OylISeUVzOApy,USER
30,User,TwentyNine,user29@bank.com,$2a$12$OQODQoM1s4x8LN8ao4TITOklUpYgcSSRCF1DZlx5OylISeUVzOApy,USER
31,User,Thirty,user30@bank.com,$2a$12$OQODQoM1s4x8LN8ao4TITOklUpYgcSSRCF1DZlx5OylISeUVzOApy,USER
32,User,ThirtyOne,user31@bank.com,$2a$12$OQODQoM1s4x8LN8ao4TITOklUpYgcSSRCF1DZlx5OylISeUVzOApy,USER
33,User,ThirtyTwo,user32@bank.com,$2a$12$OQODQoM1s4x8LN8ao4TITOklUpYgcSSRCF1DZlx5OylISeUVzOApy,USER
34,User,ThirtyThree,user33@bank.com,$2a$12$OQODQoM1s4x8LN8ao4TITOklUpYgcSSRCF1DZlx5OylISeUVzOApy,USER
35,User,ThirtyFour,user34@bank.com,$2a$12$OQODQoM1s4x8LN8ao4TITOklUpYgcSSRCF1DZlx5OylISeUVzOApy,USER
36,User,ThirtyFive,user35@bank.com,$2a$12$OQODQoM1s4x8LN8ao4TITOklUpYgcSSRCF1DZlx5OylISeUVzOApy,USER
37,User,ThirtySix,user36@bank.com,$2a$12$OQODQoM1s4x8LN8ao4TITOklUpYgcSSRCF1DZlx5OylISeUVzOApy,USER
38,User,ThirtySeven,user37@bank.com,$2a$12$OQODQoM1s4x8LN8ao4TITOklUpYgcSSRCF1DZlx5OylISeUVzOApy,USER
39,User,ThirtyEight,user38@bank.com,$2a$12$OQODQoM1s4x8LN8ao4TITOklUpYgcSSRCF1DZlx5OylISeUVzOApy,USER
40,User,ThirtyNine,user39@bank.com,$2a$12$OQODQoM1s4x8LN8ao4TITOklUpYgcSSRCF1DZlx5OylISeUVzOApy,USER
41,User,Forty,user40@bank.com,$2a$12$OQODQoM1s4x8LN8ao4TITOklUpYgcSSRCF1DZlx5OylISeUVzOApy,USER
42,User,FortyOne,user41@bank.com,$2a$12$OQODQoM1s4x8LN8ao4TITOklUpYgcSSRCF1DZlx5OylISeUVzOApy,USER
43,User,FortyTwo,user42@bank.com,$2a$12$OQODQoM1s4x8LN8ao4TITOklUpYgcSSRCF1DZlx5OylISeUVzOApy,USER
44,User,FortyThree,user43@bank.com,$2a$12$OQODQoM1s4x8LN8ao4TITOklUpYgcSSRCF1DZlx5OylISeUVzOApy,USER
45,User,FortyFour,user44@bank.com,$2a$12$OQODQoM1s4x8LN8ao4TITOklUpYgcSSRCF1DZlx5OylISeUVzOApy,USER
46,User,FortyFive,user45@bank.com,$2a$12$OQODQoM1s4x8LN8ao4TITOklUpYgcSSRCF1DZlx5OylISeUVzOApy,USER
47,User,FortySix,user46@bank.com,$2a$12$OQODQoM1s4x8LN8ao4TITOklUpYgcSSRCF1DZlx5OylISeUVzOApy,USER
48,User,FortySeven,user47@bank.com,$2a$12$OQODQoM1s4x8LN8ao4TITOklUpYgcSSRCF1DZlx5OylISeUVzOApy,USER
49,User,FortyEight,user48@bank.com,$2a$12$OQODQoM1s4x8LN8ao4TITOklUpYgcSSRCF1DZlx5OylISeUVzOApy,USER
50,User,FortyNine,user49@bank.com,$2a$12$OQODQoM1s4x8LN8ao4TITOklUpYgcSSRCF1DZlx5OylISeUVzOApy,USER
51,User,Fifty,user50@bank.com,$2a$12$OQODQoM1s4x8LN8ao4TITOklUpYgcSSRCF1DZlx5OylISeUVzOApy,USER
52,User,FiftyOne,user51@bank.com,$2a$12$OQODQoM1s4x8LN8ao4TITOklUpYgcSSRCF1DZlx5OylISeUVzOApy,USER
53,User,FiftyTwo,user52@bank.com,$2a$12$OQODQoM1s4x8LN8ao4TITOklUpYgcSSRCF1DZlx5OylISeUVzOApy,USER
54,User,FiftyThree,user53@bank.com,$2a$12$OQODQoM1s4x8LN8ao4TITOklUpYgcSSRCF1DZlx5OylISeUVzOApy,USER
55,User,FiftyFour,user54@bank.com,$2a$12$OQODQoM1s4x8LN8ao4TITOklUpYgcSSRCF1DZlx5OylISeUVzOApy,USER
56,User,FiftyFive,user55@bank.com,$2a$12$OQODQoM1s4x8LN8ao4TITOklUpYgcSSRCF1DZlx5OylISeUVzOApy,USER
57,User,FiftySix,user56@bank.com,$2a$12$OQODQoM1s4x8LN8ao4TITOklUpYgcSSRCF1DZlx5OylISeUVzOApy,USER
58,User,FiftySeven,user57@bank.com,$2a$12$OQODQoM1s4x8LN8ao4TITOklUpYgcSSRCF1DZlx5OylISeUVzOApy,USER
59,User,FiftyEight,user58@bank.com,$2a$12$OQODQoM1s4x8LN8ao4TITOklUpYgcSSRCF1DZlx5OylISeUVzOApy,USER
60,User,FiftyNine,user59@bank.com,$2a$12$OQODQoM1s4x8LN8ao4TITOklUpYgcSSRCF1DZlx5OylISeUVzOApy,USER
61,User,Sixty,user60@bank.com,$2a$12$OQODQoM1s4x8LN8ao4TITOklUpYgcSSRCF1DZlx5OylISeUVzOApy,USER
62,User,SixtyOne,user61@bank.com,$2a$12$OQODQoM1s4x8LN8ao4TITOklUpYgcSSRCF1DZlx5OylISeUVzOApy,USER
63,User,SixtyTwo,user62@bank.com,$2a$12$OQODQoM1s4x8LN8ao4TITOklUpYgcSSRCF1DZlx5OylISeUVzOApy,USER
64,User,SixtyThree,user63@bank.com,$2a$12$OQODQoM1s4x8LN8ao4TITOklUpYgcSSRCF1DZlx5OylISeUVzOApy,USER
65,User,SixtyFour,user64@bank.com,$2a$12$OQODQoM1s4x8LN8ao4TITOklUpYgcSSRCF1DZlx5OylISeUVzOApy,USER
66,User,SixtyFive,user65@bank.com,$2a$12$OQODQoM1s4x8LN8ao4TITOklUpYgcSSRCF1DZlx5OylISeUVzOApy,USER
67,User,SixtySix,user66@bank.com,$2a$12$OQODQoM1s4x8LN8ao4TITOklUpYgcSSRCF1DZlx5OylISeUVzOApy,USER
68,User,SixtySeven,user67@bank.com,$2a$12$OQODQoM1s4x8LN8ao4TITOklUpYgcSSRCF1DZlx5OylISeUVzOApy,USER
69,User,SixtyEight,user68@bank.com,$2a$12$OQODQoM1s4x8LN8ao4TITOklUpYgcSSRCF1DZlx5OylISeUVzOApy,USER
70,User,SixtyNine,user69@bank.com,$2a$12$OQODQoM1s4x8LN8ao4TITOklUpYgcSSRCF1DZlx5OylISeUVzOApy,USER
71,User,Seventy,user70@bank.com,$2a$12$OQODQoM1s4x8LN8ao4TITOklUpYgcSSRCF1DZlx5OylISeUVzOApy,USER
72,User,SeventyOne,user71@bank.com,$2a$12$OQODQoM1s4x8LN8ao4TITOklUpYgcSSRCF1DZlx5OylISeUVzOApy,USER
73,User,SeventyTwo,user72@bank.com,$2a$12$OQODQoM1s4x8LN8ao4TITOklUpYgcSSRCF1DZlx5OylISeUVzOApy,USER
74,User,SeventyThree,user73@bank.com,$2a$12$OQODQoM1s4x8LN8ao4TITOklUpYgcSSRCF1DZlx5OylISeUVzOApy,USER
75,User,SeventyFour,user74@bank.com,$2a$12$OQODQoM1s4x8LN8ao4TITOklUpYgcSSRCF1DZlx5OylISeUVzOApy,USER
76,User,SeventyFive,user75@bank.com,$2a$12$OQODQoM1s4x8LN8ao4TITOklUpYgcSSRCF1DZlx5OylISeUVzOApy,USER
77,User,SeventySix,user76@bank.com,$2a$12$OQODQoM1s4x8LN8ao4TITOklUpYgcSSRCF1DZlx5OylISeUVzOApy,USER
78,User,SeventySeven,user77@bank.com,$2a$12$OQODQoM1s4x8LN8ao4TITOklUpYgcSSRCF1DZlx5OylISeUVzOApy,USER
79,User,SeventyEight,user78@bank.com,$2a$12$OQODQoM1s4x8LN8ao4TITOklUpYgcSSRCF1DZlx5OylISeUVzOApy,USER
80,User,SeventyNine,user79@bank.com,$2a$12$OQODQoM1s4x8LN8ao4TITOklUpYgcSSRCF1DZlx5OylISeUVzOApy,USER
81,User,Eighty,user80@bank.com,$2a$12$OQODQoM1s4x8LN8ao4TITOklUpYgcSSRCF1DZlx5OylISeUVzOApy,USER
82,User,EightyOne,user81@bank.com,$2a$12$OQODQoM1s4x8LN8ao4TITOklUpYgcSSRCF1DZlx5OylISeUVzOApy,USER
83,User,EightyTwo,user82@bank.com,$2a$12$OQODQoM1s4x8LN8ao4TITOklUpYgcSSRCF1DZlx5OylISeUVzOApy,USER
84,User,EightyThree,user83@bank.com,$2a$12$OQODQoM1s4x8LN8ao4TITOklUpYgcSSRCF1DZlx5OylISeUVzOApy,USER
85,User,EightyFour,user84@bank.com,$2a$12$OQODQoM1s4x8LN8ao4TITOklUpYgcSSRCF1DZlx5OylISeUVzOApy,USER
86,User,EightyFive,user85@bank.com,$2a$12$OQODQoM1s4x8LN8ao4TITOklUpYgcSSRCF1DZlx5OylISeUVzOApy,USER
87,User,EightySix,user86@bank.com,$2a$12$OQODQoM1s4x8LN8ao4TITOklUpYgcSSRCF1DZlx5OylISeUVzOApy,USER
88,User,EightySeven,user87@bank.com,$2a$12$OQODQoM1s4x8LN8ao4TITOklUpYgcSSRCF1DZlx5OylISeUVzOApy,USER
89,User,EightyEight,user88@bank.com,$2a$12$OQODQoM1s4x8LN8ao4TITOklUpYgcSSRCF1DZlx5OylISeUVzOApy,USER
90,User,EightyNine,user89@bank.com,$2a$12$OQODQoM1s4x8LN8ao4TITOklUpYgcSSRCF1DZlx5OylISeUVzOApy,USER
91,User,Ninety,user90@bank.com,$2a$12$OQODQoM1s4x8LN8ao4TITOklUpYgcSSRCF1DZlx5OylISeUVzOApy,USER
92,User,NinetyOne,user91@bank.com,$2a$12$OQODQoM1s4x8LN8ao4TITOklUpYgcSSRCF1DZlx5OylISeUVzOApy,USER
93,User,NinetyTwo,user92@bank.com,$2a$12$OQODQoM1s4x8LN8ao4TITOklUpYgcSSRCF1DZlx5OylISeUVzOApy,USER
94,User,NinetyThree,user93@bank.com,$2a$12$OQODQoM1s4x8LN8ao4TITOklUpYgcSSRCF1DZlx5OylISeUVzOApy,USER
95,User,NinetyFour,user94@bank.com,$2a$12$OQODQoM1s4x8LN8ao4TITOklUpYgcSSRCF1DZlx5OylISeUVzOApy,USER
96,User,NinetyFive,user95@bank.com,$2a$12$OQODQoM1s4x8LN8ao4TITOklUpYgcSSRCF1DZlx5OylISeUVzOApy,USER
97,User,NinetySix,user96@bank.com,$2a$12$OQODQoM1s4x8LN8ao4TITOklUpYgcSSRCF1DZlx5OylISeUVzOApy,USER
98,User,NinetySeven,user97@bank.com,$2a$12$OQODQoM1s4x8LN8ao4TITOklUpYgcSSRCF1DZlx5OylISeUVzOApy,USER
99,User,NinetyEight,user98@bank.com,$2a$12$OQODQoM1s4x8LN8ao4TITOklUpYgcSSRCF1DZlx5OylISeUVzOApy,USER
100,User,NinetyNine,user99@bank.com,$2a$12$OQODQoM1s4x8LN8ao4TITOklUpYgcSSRCF1DZlx5OylISeUVzOApy,USER